obs,value
0,-0.9286936933427271
1,-0.3088381742999848
2,-
3,-1.4345064041945543
4,0.03958917896644836
5,-
6,-0.5316890502224456
7,1.4734842645335422
